-- System Settings data for January 2025
INSERT INTO `system_settings` VALUES 
(1,'app_name','EMMIS','Application Name','2025-10-27 14:34:26.725'),
(2,'app_version','1.0.0','Application Version','2025-10-27 14:34:26.727'),
(3,'currency','KES','Default Currency','2025-10-27 14:34:26.729'),
(4,'date_format','YYYY-MM-DD','Default Date Format','2025-10-27 14:34:26.730'),
(5,'timezone','Africa/Nairobi','Default Timezone','2025-10-27 14:34:26.732');

INSERT INTO `users` (`id`, `email`, `password_hash`, `name`, `role`, `avatar`, `phone`, `department`, `status`, `last_login`, `specialization`, `experience`, `supervisor_id`, `supervisor_name`, `hire_date`, `created_date`, `updated_date`, `deleted_at`) VALUES
('USR001', 'admin45@emmis.com', '$2a$10$nyaFDBxkGIeGWZSpaf8h8eZZQMlRUa/SaKjZeLSJK.JU5LyjSI2zi', 'System Administrator', 'admin', NULL, '+254700123456', 'IT Department', 'active', '2025-01-15 08:30:00.000', 'System Administration', 8, NULL, NULL, '2020-03-15', '2025-01-01 00:00:00.000', '2025-01-15 08:30:00.000', NULL),
('USR002', 'supervisor@emmis.com', '$2a$10$nyaFDBxkGIeGWZSpaf8h8eZZQMlRUa/SaKjZeLSJK.JU5LyjSI2zi', 'John Supervisor', 'supervisor', NULL, '+254712345678', 'Operations', 'active', NULL, NULL, 0, NULL, NULL, NULL, '2025-10-27 14:34:26.721', '2025-10-27 14:34:26.721', NULL),
('USR003', 'technician@emmis.com', '$2a$10$nyaFDBxkGIeGWZSpaf8h8eZZQMlRUa/SaKjZeLSJK.JU5LyjSI2zi', 'Mike Technician', 'technician', NULL, '+254787654321', 'Field Service', 'active', NULL, 'Equipment Maintenance', 2, 'USR002', 'John Supervisor', '2023-01-15', '2025-10-27 14:34:26.721', '2025-10-27 14:34:26.721', NULL),

-- Customers data for January 2025
INSERT INTO `customers` (`id`, `company_name`, `industry`, `established`, `contact_person`, `title`, `email`, `phone`, `address`, `location`, `status`, `contract_status`, `payment_status`, `monthly_amount`, `total_equipment`, `contract_expiry`, `equipment_details`, `technician`, `supervisor`, `created_date`, `updated_date`, `deleted_at`) VALUES
('CUS001', 'Nairobi Tech Solutions', 'Technology', '2018', 'John Kamau', 'IT Manager', 'john.kamau@naitech.co.ke', '+254722123456', 'Westlands Square, 4th Floor, Nairobi', 'Nairobi', 'Active', 'Active', 'Current', 15000.00, 8, '2025-12-31', 'HP LaserJet Pro series, Canon imageRUNNER', 'David Brown', 'James Wilson', '2025-01-02 09:00:00.000', '2025-01-15 14:30:00.000', NULL),
('CUS002', 'Mombasa Port Authority', 'Logistics', '1978', 'Fatuma Ali', 'Operations Director', 'fatuma.ali@kpa.co.ke', '+254733234567', 'Kilindini Road, Port Reitz, Mombasa', 'Mombasa', 'Active', 'Active', 'Current', 25000.00, 12, '2025-08-15', 'Canon imageRUNNER series, Zebra label printers', 'Mary Davis', 'James Wilson', '2025-01-03 10:15:00.000', '2025-01-14 16:45:00.000', NULL),
('CUS003', 'Kisumu Medical Center', 'Healthcare', '2005', 'Dr. Peter Ochieng', 'Chief Medical Officer', 'peter.ochieng@kmc.co.ke', '+254744345678', 'Oginga Odinga Street, Kisumu', 'Kisumu', 'Active', 'Active', 'Current', 18000.00, 6, '2025-11-20', 'Brother MFC series, HP Color LaserJet', 'Robert Miller', 'Sarah Johnson', '2025-01-04 11:30:00.000', '2025-01-13 09:20:00.000', NULL),
('CUS004', 'Eldoret University', 'Education', '1984', 'Prof. Grace Chebet', 'ICT Director', 'grace.chebet@eldoretu.ac.ke', '+254755456789', 'University Main Campus, Eldoret', 'Eldoret', 'Active', 'Renewal Due', 'Current', 22000.00, 15, '2025-03-31', 'HP LaserJet Enterprise, Epson EcoTank', 'Lisa Garcia', 'Sarah Johnson', '2025-01-05 08:45:00.000', '2025-01-12 13:15:00.000', NULL),
('CUS005', 'Nakuru Farmers Cooperative', 'Agriculture', '1963', 'Samuel Kiptoo', 'General Manager', 'samuel.kiptoo@nakurufc.co.ke', '+254766567890', 'Kenyatta Avenue, Nakuru', 'Nakuru', 'Active', 'Active', 'Current', 12000.00, 5, '2025-09-10', 'Epson EcoTank series, Brother label printers', 'William Anderson', 'James Wilson', '2025-01-06 12:00:00.000', '2025-01-11 15:30:00.000', NULL),
('CUS006', 'Thika Manufacturing Ltd', 'Manufacturing', '1995', 'Jane Wanjiku', 'Production Manager', 'jane.wanjiku@thikamfg.co.ke', '+254777678901', 'Industrial Area, Thika', 'Thika', 'Active', 'Active', 'Current', 20000.00, 10, '2025-07-25', 'Zebra industrial printers, HP LaserJet', 'Elizabeth Taylor', 'Sarah Johnson', '2025-01-07 14:20:00.000', '2025-01-10 11:45:00.000', NULL),
('CUS007', 'Machakos County Government', 'Government', '2013', 'Hon. Mary Musyoka', 'County Secretary', 'mary.musyoka@machakos.go.ke', '+254788789012', 'County Headquarters, Machakos', 'Machakos', 'Active', 'Active', 'Current', 30000.00, 18, '2025-06-30', 'HP Color LaserJet Pro, Canon imageRUNNER', 'Christopher Thomas', 'James Wilson', '2025-01-08 09:30:00.000', '2025-01-09 17:00:00.000', NULL),
('CUS008', 'Nyeri Coffee Estate', 'Agriculture', '1952', 'James Mwangi', 'Estate Manager', 'james.mwangi@nyericoffee.co.ke', '+254799890123', 'Coffee Estate Road, Nyeri', 'Nyeri', 'Active', 'Active', 'Overdue', 8000.00, 4, '2025-10-15', 'Brother MFC series, Epson WorkForce', 'David Brown', 'James Wilson', '2025-01-09 16:15:00.000', '2025-01-08 12:30:00.000', NULL),
('CUS009', 'Meru General Hospital', 'Healthcare', '1968', 'Dr. Alice Kithure', 'Medical Superintendent', 'alice.kithure@meruhospital.co.ke', '+254700901234', 'Hospital Road, Meru', 'Meru', 'Active', 'Active', 'Current', 16000.00, 7, '2025-05-20', 'Zebra HC100, HP LaserJet Pro', 'Mary Davis', 'Sarah Johnson', '2025-01-10 13:45:00.000', '2025-01-07 10:15:00.000', NULL),
('CUS010', 'Kitale Grain Millers', 'Agriculture', '1987', 'Moses Wekesa', 'Operations Manager', 'moses.wekesa@kitalegrain.co.ke', '+254701012345', 'Industrial Area, Kitale', 'Kitale', 'Active', 'Active', 'Current', 14000.00, 6, '2025-04-12', 'Brother PT series, Canon PIXMA', 'Robert Miller', 'Sarah Johnson', '2025-01-11 07:20:00.000', '2025-01-06 14:50:00.000', NULL);

-- Assets data for January 2025
INSERT INTO `assets` (`id`, `make`, `model`, `serial_number`, `category`, `description`, `customer_id`, `customer_name`, `contact_person`, `contact_phone`, `location`, `location_details`, `location_type`, `condition_status`, `operational_status`, `purchase_date`, `purchase_price`, `current_value`, `warranty_start`, `warranty_end`, `warranty_provider`, `last_service_date`, `next_service_date`, `photo_url`, `notes`, `created_date`, `updated_date`, `deleted_at`) VALUES
('AST001', 'HP', 'LaserJet Pro 4015n', 'HP4015N001', 'Laser Printer', 'Monochrome laser printer for office use', 'CUS001', 'Nairobi Tech Solutions', 'John Kamau', '+254722123456', 'Main Office Reception', 'Reception desk area, ground floor', 'fixed', 'good', 'operational', '2023-06-15', 85000.00, 65000.00, '2023-06-15', '2025-06-15', 'HP Kenya', '2024-12-15', '2025-03-15', NULL, 'High-volume office printer', '2025-01-02 09:30:00.000', '2025-01-15 14:30:00.000', NULL),
('AST002', 'Canon', 'imageRUNNER 2530i', 'CAN2530I002', 'Multifunction Copier', 'All-in-one copier with scanning and fax', 'CUS002', 'Mombasa Port Authority', 'Fatuma Ali', '+254733234567', 'Document Center', 'Main document processing center, 2nd floor', 'fixed', 'good', 'operational', '2022-11-20', 180000.00, 120000.00, '2022-11-20', '2025-11-20', 'Canon East Africa', '2024-11-20', '2025-02-20', NULL, 'Heavy-duty document processing', '2025-01-03 10:45:00.000', '2025-01-14 16:45:00.000', NULL),
('AST003', 'Brother', 'MFC-L8900CDW', 'BRO8900005', 'Color Multifunction', 'Color laser multifunction printer', 'CUS003', 'Kisumu Medical Center', 'Dr. Peter Ochieng', '+254744345678', 'Medical Records Office', 'Medical records department, 1st floor', 'fixed', 'good', 'operational', '2023-03-10', 95000.00, 75000.00, '2023-03-10', '2025-03-10', 'Brother Kenya', '2024-09-10', '2025-03-10', NULL, 'Medical document printing', '2025-01-04 11:45:00.000', '2025-01-13 09:20:00.000', NULL),
('AST004', 'HP', 'LaserJet Enterprise M608dn', 'HPM608008', 'Enterprise Printer', 'High-speed enterprise laser printer', 'CUS004', 'Eldoret University', 'Prof. Grace Chebet', '+254755456789', 'Main Library', 'Library printing station, ground floor', 'fixed', 'good', 'operational', '2022-08-25', 120000.00, 85000.00, '2022-08-25', '2024-08-25', 'HP Kenya', '2024-08-25', '2025-02-25', NULL, 'Student and faculty printing', '2025-01-05 09:00:00.000', '2025-01-12 13:15:00.000', NULL),
('AST005', 'Epson', 'EcoTank L15150', 'EPSL15009', 'Inkjet Printer', 'Wide-format inkjet printer with tank system', 'CUS005', 'Nakuru Farmers Cooperative', 'Samuel Kiptoo', '+254766567890', 'Marketing Department', 'Marketing office, 2nd floor', 'fixed', 'good', 'operational', '2023-09-12', 75000.00, 60000.00, '2023-09-12', '2025-09-12', 'Epson Kenya', '2024-12-12', '2025-03-12', NULL, 'Marketing materials printing', '2025-01-06 12:15:00.000', '2025-01-11 15:30:00.000', NULL),
('AST006', 'Zebra', 'ZT410', 'ZEB410012', 'Industrial Printer', 'Industrial thermal transfer printer', 'CUS006', 'Thika Manufacturing Ltd', 'Jane Wanjiku', '+254777678901', 'Warehouse Inventory', 'Main warehouse, inventory section', 'fixed', 'good', 'operational', '2023-01-18', 150000.00, 110000.00, '2023-01-18', '2025-01-18', 'Zebra Technologies', '2024-10-18', '2025-04-18', NULL, 'Product labeling system', '2025-01-07 14:30:00.000', '2025-01-10 11:45:00.000', NULL),
('AST007', 'HP', 'Color LaserJet Pro M479fdw', 'HPM479013', 'Color Multifunction', 'Color laser multifunction with wireless', 'CUS007', 'Machakos County Government', 'Hon. Mary Musyoka', '+254788789012', 'County Assembly Hall', 'Assembly hall office area', 'fixed', 'good', 'operational', '2022-12-05', 110000.00, 80000.00, '2022-12-05', '2024-12-05', 'HP Kenya', '2024-09-05', '2025-03-05', NULL, 'Official document printing', '2025-01-08 09:45:00.000', '2025-01-09 17:00:00.000', NULL),
('AST008', 'Brother', 'MFC-J6945DW', 'BROMFC015', 'Inkjet Multifunction', 'Wide-format inkjet multifunction', 'CUS008', 'Nyeri Coffee Estate', 'James Mwangi', '+254799890123', 'Estate Administration', 'Administration office, main building', 'fixed', 'good', 'maintenance', '2023-05-22', 65000.00, 50000.00, '2023-05-22', '2025-05-22', 'Brother Kenya', '2024-07-22', '2025-01-22', NULL, 'Estate documentation', '2025-01-09 16:30:00.000', '2025-01-08 12:30:00.000', NULL),
('AST009', 'Zebra', 'HC100', 'ZEBHC018', 'Healthcare Printer', 'Wristband printer for patient identification', 'CUS009', 'Meru General Hospital', 'Dr. Alice Kithure', '+254700901234', 'Patient Registration', 'Registration desk, ground floor', 'fixed', 'good', 'operational', '2023-07-08', 45000.00, 35000.00, '2023-07-08', '2025-07-08', 'Zebra Technologies', '2024-11-08', '2025-02-08', NULL, 'Patient wristband printing', '2025-01-10 14:00:00.000', '2025-01-07 10:15:00.000', NULL),
('AST010', 'Brother', 'PT-E550W', 'BROPT020', 'Label Printer', 'Industrial label printer with wireless', 'CUS010', 'Kitale Grain Millers', 'Moses Wekesa', '+254701012345', 'Packaging Department', 'Packaging line, production floor', 'fixed', 'good', 'operational', '2023-04-14', 35000.00, 28000.00, '2023-04-14', '2025-04-14', 'Brother Kenya', '2024-10-14', '2025-01-14', NULL, 'Product packaging labels', '2025-01-11 07:45:00.000', '2025-01-06 14:50:00.000', NULL);

-- Work Orders data for January 2025
INSERT INTO `work_orders` (`id`, `customer_name`, `contact_person`, `contact_phone`, `equipment_name`, `equipment_make`, `equipment_model`, `serial_no`, `location`, `type`, `service_type`, `priority`, `status`, `technician_name`, `supervisor_name`, `due_date`, `description`, `fault_description`, `work_carried_out`, `page_count`, `next_service_date`, `estimated_cost`, `actual_cost`, `cancel_reason`, `created_date`, `completed_date`, `updated_date`, `deleted_at`) VALUES
('WO2025001', 'Nairobi Tech Solutions', 'John Kamau', '+254722123456', 'HP LaserJet Pro 4015n', 'HP', 'LaserJet Pro 4015n', 'HP4015N001', 'Main Office Reception', 'service', 'scheduled', 'medium', 'completed', 'David Brown', 'James Wilson', '2025-01-15', 'Quarterly maintenance service', 'Toner low, paper feed issues', 'Replaced toner cartridge, cleaned paper feed mechanism, calibrated printer', 18420, '2025-04-15', 3500.00, 3200.00, NULL, '2025-01-02 09:00:00.000', '2025-01-15 14:30:00.000', '2025-01-15 14:30:00.000', NULL),
('WO2025002', 'Mombasa Port Authority', 'Fatuma Ali', '+254733234567', 'Canon imageRUNNER 2530i', 'Canon', 'imageRUNNER 2530i', 'CAN2530I002', 'Document Center', 'repair', 'unscheduled', 'high', 'completed', 'Mary Davis', 'James Wilson', '2025-01-20', 'Scanner malfunction repair', 'Scanner lamp failure, document feeder jam', 'Replaced scanner lamp assembly, cleared document feeder, tested all functions', 12750, '2025-04-20', 8500.00, 8200.00, NULL, '2025-01-18 10:30:00.000', '2025-01-20 16:45:00.000', '2025-01-20 16:45:00.000', NULL),
('WO2025003', 'Kisumu Medical Center', 'Dr. Peter Ochieng', '+254744345678', 'Brother MFC-L8900CDW', 'Brother', 'MFC-L8900CDW', 'BRO8900005', 'Medical Records Office', 'service', 'scheduled', 'medium', 'in-progress', 'Robert Miller', 'Sarah Johnson', '2025-01-25', 'Bi-annual maintenance check', 'Routine maintenance required', 'Cleaning in progress, toner replacement scheduled', 15300, '2025-07-25', 4200.00, NULL, NULL, '2025-01-20 11:00:00.000', NULL, '2025-01-23 09:20:00.000', NULL),
('WO2025004', 'Eldoret University', 'Prof. Grace Chebet', '+254755456789', 'HP LaserJet Enterprise M608dn', 'HP', 'LaserJet Enterprise M608dn', 'HPM608008', 'Main Library', 'repair', 'unscheduled', 'critical', 'assigned', 'Lisa Garcia', 'Sarah Johnson', '2025-01-28', 'Network connectivity issues', 'Printer not responding to network commands, print queue errors', NULL, 0, NULL, 5500.00, NULL, NULL, '2025-01-25 08:15:00.000', NULL, '2025-01-25 13:15:00.000', NULL),
('WO2025005', 'Nakuru Farmers Cooperative', 'Samuel Kiptoo', '+254766567890', 'Epson EcoTank L15150', 'Epson', 'EcoTank L15150', 'EPSL15009', 'Marketing Department', 'service', 'scheduled', 'low', 'open', NULL, NULL, '2025-02-10', 'Annual service and ink system maintenance', NULL, NULL, 0, NULL, 3800.00, NULL, NULL, '2025-01-28 14:20:00.000', NULL, '2025-01-28 15:30:00.000', NULL),
('WO2025006', 'Thika Manufacturing Ltd', 'Jane Wanjiku', '+254777678901', 'Zebra ZT410', 'Zebra', 'ZT410', 'ZEB410012', 'Warehouse Inventory', 'repair', 'unscheduled', 'high', 'completed', 'William Anderson', 'James Wilson', '2025-01-22', 'Barcode printing quality issues', 'Print head alignment issues, ribbon feed problems', 'Adjusted print head alignment, replaced ribbon mechanism, calibrated label positioning', 0, '2025-07-22', 4500.00, 4300.00, NULL, '2025-01-19 13:45:00.000', '2025-01-22 11:45:00.000', '2025-01-22 11:45:00.000', NULL),
('WO2025007', 'Machakos County Government', 'Hon. Mary Musyoka', '+254788789012', 'HP Color LaserJet Pro M479fdw', 'HP', 'Color LaserJet Pro M479fdw', 'HPM479013', 'County Assembly Hall', 'service', 'scheduled', 'medium', 'completed', 'Elizabeth Taylor', 'James Wilson', '2025-01-18', 'Quarterly color calibration and maintenance', 'Color accuracy drift, toner levels low', 'Performed color calibration, replaced all toner cartridges, cleaned imaging units', 8680, '2025-04-18', 6200.00, 5800.00, NULL, '2025-01-12 09:30:00.000', '2025-01-18 17:00:00.000', '2025-01-18 17:00:00.000', NULL),
('WO2025008', 'Nyeri Coffee Estate', 'James Mwangi', '+254799890123', 'Brother MFC-J6945DW', 'Brother', 'MFC-J6945DW', 'BROMFC015', 'Estate Administration', 'repair', 'unscheduled', 'critical', 'in-progress', 'Christopher Thomas', 'James Wilson', '2025-01-30', 'Persistent paper jam issues', 'Paper feed mechanism damaged, roller wear', 'Disassembling paper feed assembly, ordering replacement rollers', 3150, NULL, 7200.00, NULL, NULL, '2025-01-26 16:15:00.000', NULL, '2025-01-28 12:30:00.000', NULL),
('WO2025009', 'Meru General Hospital', 'Dr. Alice Kithure', '+254700901234', 'Zebra HC100', 'Zebra', 'HC100', 'ZEBHC018', 'Patient Registration', 'service', 'scheduled', 'high', 'assigned', 'Mary Davis', 'Sarah Johnson', '2025-02-05', 'Wristband printer maintenance and calibration', 'Routine maintenance due', NULL, 0, NULL, 2800.00, NULL, NULL, '2025-01-30 13:45:00.000', NULL, '2025-01-30 14:15:00.000', NULL),
('WO2025010', 'Kitale Grain Millers', 'Moses Wekesa', '+254701012345', 'Brother PT-E550W', 'Brother', 'PT-E550W', 'BROPT020', 'Packaging Department', 'repair', 'unscheduled', 'medium', 'open', NULL, NULL, '2025-02-08', 'Label printer producing faded prints', 'Print head wear, ribbon quality issues', NULL, 0, NULL, 3200.00, NULL, NULL, '2025-01-31 07:20:00.000', NULL, '2025-01-31 14:50:00.000', NULL);

-- Insert additional data files

-- Maintenance Schedules data for January 2025
INSERT INTO `maintenance_schedules` (`id`, `equipment_id`, `equipment_name`, `serial_no`, `customer_id`, `customer_name`, `type`, `service_type`, `description`, `fault_description`, `scheduled_date`, `status`, `priority`, `technician_id`, `technician_name`, `page_count`, `estimated_duration`, `actual_duration`, `work_carried_out`, `notes`, `created_date`, `completed_date`, `updated_date`, `deleted_at`) VALUES
('MS2025001', 'AST001', 'HP LaserJet Pro 4015n', 'HP4015N001', 'CUS001', 'Nairobi Tech Solutions', 'preventive', 'scheduled', 'Quarterly preventive maintenance', NULL, '2025-04-15', 'scheduled', 'medium', 'USR004', 'David Brown', NULL, 120, NULL, NULL, 'Next scheduled maintenance after recent service', '2025-01-15 14:30:00.000', NULL, '2025-01-15 14:30:00.000', NULL),
('MS2025002', 'AST002', 'Canon imageRUNNER 2530i', 'CAN2530I002', 'CUS002', 'Mombasa Port Authority', 'preventive', 'scheduled', 'Bi-annual comprehensive maintenance', NULL, '2025-07-20', 'scheduled', 'medium', 'USR005', 'Mary Davis', NULL, 180, NULL, NULL, 'Full system check and cleaning', '2025-01-20 16:45:00.000', NULL, '2025-01-20 16:45:00.000', NULL),
('MS2025003', 'AST003', 'Brother MFC-L8900CDW', 'BRO8900005', 'CUS003', 'Kisumu Medical Center', 'service', 'scheduled', 'Complete maintenance service', 'Routine maintenance required', '2025-01-25', 'in-progress', 'medium', 'USR006', 'Robert Miller', 15300, 150, 90, 'Cleaning print heads, replacing consumables', 'Medical environment requires extra care', '2025-01-20 11:00:00.000', NULL, '2025-01-23 09:20:00.000', NULL),
('MS2025004', 'AST004', 'HP LaserJet Enterprise M608dn', 'HPM608008', 'CUS004', 'Eldoret University', 'emergency', 'unscheduled', 'Emergency network connectivity repair', 'Network connectivity issues, print queue errors', '2025-01-28', 'scheduled', 'critical', 'USR007', 'Lisa Garcia', NULL, 240, NULL, NULL, 'High priority - affects student services', '2025-01-25 08:15:00.000', NULL, '2025-01-25 13:15:00.000', NULL),
('MS2025005', 'AST005', 'Epson EcoTank L15150', 'EPSL15009', 'CUS005', 'Nakuru Farmers Cooperative', 'preventive', 'scheduled', 'Annual ink system maintenance', NULL, '2025-03-12', 'scheduled', 'low', 'USR008', 'William Anderson', NULL, 90, NULL, NULL, 'Annual service due', '2025-01-28 14:20:00.000', NULL, '2025-01-28 15:30:00.000', NULL),
('MS2025006', 'AST006', 'Zebra ZT410', 'ZEB410012', 'CUS006', 'Thika Manufacturing Ltd', 'preventive', 'scheduled', 'Industrial printer quarterly maintenance', NULL, '2025-07-22', 'scheduled', 'high', 'USR008', 'William Anderson', NULL, 120, NULL, NULL, 'Critical for production line', '2025-01-22 11:45:00.000', NULL, '2025-01-22 11:45:00.000', NULL),
('MS2025007', 'AST007', 'HP Color LaserJet Pro M479fdw', 'HPM479013', 'CUS007', 'Machakos County Government', 'preventive', 'scheduled', 'Quarterly color maintenance', NULL, '2025-04-18', 'scheduled', 'medium', 'USR009', 'Elizabeth Taylor', NULL, 135, NULL, NULL, 'Government equipment - high reliability required', '2025-01-18 17:00:00.000', NULL, '2025-01-18 17:00:00.000', NULL),
('MS2025008', 'AST008', 'Brother MFC-J6945DW', 'BROMFC015', 'CUS008', 'Nyeri Coffee Estate', 'repair', 'unscheduled', 'Paper feed mechanism repair', 'Paper feed mechanism damaged, roller wear', '2025-01-30', 'in-progress', 'critical', 'USR010', 'Christopher Thomas', 3150, 300, 180, 'Replacing paper feed assembly and rollers', 'Waiting for parts delivery', '2025-01-26 16:15:00.000', NULL, '2025-01-28 12:30:00.000', NULL),
('MS2025009', 'AST009', 'Zebra HC100', 'ZEBHC018', 'CUS009', 'Meru General Hospital', 'preventive', 'scheduled', 'Healthcare printer calibration', NULL, '2025-02-08', 'scheduled', 'high', 'USR005', 'Mary Davis', NULL, 60, NULL, NULL, 'Patient safety critical equipment', '2025-01-30 13:45:00.000', NULL, '2025-01-30 14:15:00.000', NULL),
('MS2025010', 'AST010', 'Brother PT-E550W', 'BROPT020', 'CUS010', 'Kitale Grain Millers', 'repair', 'unscheduled', 'Print quality restoration', 'Print head wear, ribbon quality issues', '2025-02-08', 'scheduled', 'medium', 'USR006', 'Robert Miller', NULL, 90, NULL, NULL, 'Affects packaging operations', '2025-01-31 07:20:00.000', NULL, '2025-01-31 14:50:00.000', NULL);


-- Leases data for January 2025
INSERT INTO `leases` (`id`, `equipment_name`, `serial_no`, `customer_id`, `customer_name`, `start_date`, `end_date`, `payment_amount`, `payment_frequency`, `status`, `payment_status`, `next_payment_date`, `total_paid`, `remaining_payments`, `contract_terms`, `notes`, `created_date`, `updated_date`, `deleted_at`) VALUES
('LSE2025001', 'HP LaserJet Pro 4015n', 'HP4015N001', 'CUS001', 'Nairobi Tech Solutions', '2024-01-01', '2026-12-31', 2500.00, 'monthly', 'active', 'current', '2025-02-01', 25000.00, 23, 'Standard 36-month lease with maintenance included', 'Excellent payment history', '2025-01-02 09:00:00.000', '2025-01-15 14:30:00.000', NULL),
('LSE2025002', 'Canon imageRUNNER 2530i', 'CAN2530I002', 'CUS002', 'Mombasa Port Authority', '2023-08-01', '2026-07-31', 4200.00, 'monthly', 'active', 'current', '2025-02-01', 63000.00, 18, 'Enterprise lease with full service coverage', 'Government contract - priority service', '2025-01-03 10:15:00.000', '2025-01-14 16:45:00.000', NULL),
('LSE2025003', 'Brother MFC-L8900CDW', 'BRO8900005', 'CUS003', 'Kisumu Medical Center', '2024-03-01', '2027-02-28', 3000.00, 'monthly', 'active', 'current', '2025-02-01', 30000.00, 25, 'Medical facility lease with specialized support', 'Healthcare compliance required', '2025-01-04 11:30:00.000', '2025-01-13 09:20:00.000', NULL),
('LSE2025004', 'HP LaserJet Enterprise M608dn', 'HPM608008', 'CUS004', 'Eldoret University', '2023-09-01', '2026-08-31', 3500.00, 'monthly', 'active', 'current', '2025-02-01', 52500.00, 19, 'Educational institution discount applied', 'Renewal discussions in progress', '2025-01-05 08:45:00.000', '2025-01-12 13:15:00.000', NULL),
('LSE2025005', 'Epson EcoTank L15150', 'EPSL15009', 'CUS005', 'Nakuru Farmers Cooperative', '2024-06-01', '2027-05-31', 2000.00, 'monthly', 'active', 'current', '2025-02-01', 14000.00, 29, 'Agricultural sector special terms', 'Seasonal payment adjustments allowed', '2025-01-06 12:00:00.000', '2025-01-11 15:30:00.000', NULL),
('LSE2025006', 'Zebra ZT410', 'ZEB410012', 'CUS006', 'Thika Manufacturing Ltd', '2023-12-01', '2026-11-30', 3800.00, 'monthly', 'active', 'current', '2025-02-01', 45600.00, 22, 'Industrial equipment lease with 24/7 support', 'Critical production equipment', '2025-01-07 14:20:00.000', '2025-01-10 11:45:00.000', NULL),
('LSE2025007', 'HP Color LaserJet Pro M479fdw', 'HPM479013', 'CUS007', 'Machakos County Government', '2023-07-01', '2026-06-30', 4500.00, 'monthly', 'active', 'current', '2025-02-01', 67500.00, 17, 'Government contract with extended warranty', 'Annual budget allocation secured', '2025-01-08 09:30:00.000', '2025-01-09 17:00:00.000', NULL),
('LSE2025008', 'Brother MFC-J6945DW', 'BROMFC015', 'CUS008', 'Nyeri Coffee Estate', '2024-05-01', '2027-04-30', 1800.00, 'monthly', 'active', 'overdue', '2025-01-01', 14400.00, 27, 'Agricultural lease with seasonal considerations', 'Payment delayed due to harvest cycle', '2025-01-09 16:15:00.000', '2025-01-08 12:30:00.000', NULL),
('LSE2025009', 'Zebra HC100', 'ZEBHC018', 'CUS009', 'Meru General Hospital', '2024-02-01', '2027-01-31', 1500.00, 'monthly', 'active', 'current', '2025-02-01', 18000.00, 24, 'Healthcare equipment lease with compliance support', 'Patient safety critical equipment', '2025-01-10 13:45:00.000', '2025-01-07 10:15:00.000', NULL),
('LSE2025010', 'Brother PT-E550W', 'BROPT020', 'CUS010', 'Kitale Grain Millers', '2024-04-01', '2027-03-31', 1200.00, 'monthly', 'active', 'current', '2025-02-01', 10800.00, 26, 'Small business lease with flexible terms', 'Good payment record', '2025-01-11 07:20:00.000', '2025-01-06 14:50:00.000', NULL);

-- Consumable Parts data for January 2025
INSERT INTO `consumable_parts` (`work_order_id`, `part_name`, `quantity`, `cost`, `created_date`) VALUES
('WO2025001', 'HP 26A Toner Cartridge', 1, 2800.00, '2025-01-15 14:30:00.000'),
('WO2025001', 'Paper Feed Roller Kit', 1, 400.00, '2025-01-15 14:30:00.000'),
('WO2025002', 'Scanner Lamp Assembly', 1, 6500.00, '2025-01-20 16:45:00.000'),
('WO2025002', 'Document Feeder Maintenance Kit', 1, 1700.00, '2025-01-20 16:45:00.000'),
('WO2025006', 'Zebra Ribbon 110mm x 450m', 2, 3200.00, '2025-01-22 11:45:00.000'),
('WO2025006', 'Print Head Cleaning Kit', 1, 1100.00, '2025-01-22 11:45:00.000'),
('WO2025007', 'HP 415A Toner Set (CMYK)', 1, 4800.00, '2025-01-18 17:00:00.000'),
('WO2025007', 'Imaging Unit Cleaning Kit', 1, 1000.00, '2025-01-18 17:00:00.000');

-- Maintenance Parts data for January 2025
INSERT INTO `maintenance_parts` (`maintenance_id`, `part_name`, `quantity`, `cost`, `created_date`) VALUES
('MS2025003', 'Brother TN-880 Toner Cartridge', 2, 4200.00, '2025-01-23 09:20:00.000'),
('MS2025003', 'Drum Unit Cleaning Kit', 1, 800.00, '2025-01-23 09:20:00.000'),
('MS2025008', 'Paper Feed Assembly', 1, 5500.00, '2025-01-28 12:30:00.000'),
('MS2025008', 'Pickup Roller Set', 1, 1700.00, '2025-01-28 12:30:00.000');

-- Lease Payments data for January 2025
INSERT INTO `lease_payments` (`lease_id`, `payment_date`, `amount`, `payment_method`, `reference_number`, `notes`, `created_date`) VALUES
('LSE2025001', '2025-01-01', 2500.00, 'Bank Transfer', 'TXN202501001', 'January 2025 payment - on time', '2025-01-01 10:30:00.000'),
('LSE2025002', '2025-01-01', 4200.00, 'Cheque', 'CHQ202501001', 'Government payment - processed', '2025-01-01 11:15:00.000'),
('LSE2025003', '2025-01-01', 3000.00, 'Bank Transfer', 'TXN202501002', 'Medical center payment', '2025-01-01 14:20:00.000'),
('LSE2025004', '2025-01-01', 3500.00, 'Bank Transfer', 'TXN202501003', 'University payment', '2025-01-01 09:45:00.000'),
('LSE2025005', '2025-01-01', 2000.00, 'Mobile Money', 'MPESA202501001', 'Farmers cooperative payment', '2025-01-01 16:30:00.000'),
('LSE2025006', '2025-01-01', 3800.00, 'Bank Transfer', 'TXN202501004', 'Manufacturing company payment', '2025-01-01 12:00:00.000'),
('LSE2025007', '2025-01-01', 4500.00, 'Cheque', 'CHQ202501002', 'County government payment', '2025-01-01 13:45:00.000'),
('LSE2025009', '2025-01-01', 1500.00, 'Bank Transfer', 'TXN202501005', 'Hospital payment', '2025-01-01 15:10:00.000'),
('LSE2025010', '2025-01-01', 1200.00, 'Mobile Money', 'MPESA202501002', 'Grain millers payment', '2025-01-01 08:30:00.000');


-- Repair History data for January 2025
INSERT INTO `repair_history` (`asset_id`, `repair_date`, `description`, `cost`, `technician`, `created_date`) VALUES
('AST001', '2025-01-15', 'Quarterly maintenance - toner replacement and paper feed cleaning', 3200.00, 'David Brown', '2025-01-15 14:30:00.000'),
('AST002', '2025-01-20', 'Scanner lamp replacement and document feeder repair', 8200.00, 'Mary Davis', '2025-01-20 16:45:00.000'),
('AST006', '2025-01-22', 'Print head alignment and ribbon mechanism replacement', 4300.00, 'William Anderson', '2025-01-22 11:45:00.000'),
('AST007', '2025-01-18', 'Color calibration and toner cartridge replacement', 5800.00, 'Elizabeth Taylor', '2025-01-18 17:00:00.000');

-- Maintenance Templates data for January 2025
INSERT INTO `maintenance_templates` (`id`, `name`, `description`, `type`, `estimated_duration`, `checklist`, `notes`, `created_date`, `updated_date`) VALUES
('MT001', 'Laser Printer Quarterly Service', 'Standard quarterly maintenance for laser printers', 'preventive', 120, '1. Check toner levels and replace if needed\n2. Clean paper feed mechanism\n3. Calibrate print quality\n4. Test all functions\n5. Update page count\n6. Check for firmware updates', 'Suitable for HP LaserJet and similar models', '2025-01-01 00:00:00.000', '2025-01-01 00:00:00.000'),
('MT002', 'Inkjet Printer Annual Service', 'Comprehensive annual maintenance for inkjet printers', 'preventive', 90, '1. Clean print heads\n2. Check ink levels and refill tanks\n3. Align print heads\n4. Test color accuracy\n5. Clean paper path\n6. Update firmware', 'For Epson EcoTank and similar systems', '2025-01-01 00:00:00.000', '2025-01-01 00:00:00.000'),
('MT003', 'Multifunction Copier Service', 'Bi-annual service for multifunction copiers', 'preventive', 180, '1. Clean all imaging components\n2. Replace maintenance kits\n3. Calibrate scanner\n4. Test fax functionality\n5. Check network connectivity\n6. Update software', 'For Canon imageRUNNER and Brother MFC series', '2025-01-01 00:00:00.000', '2025-01-01 00:00:00.000'),
('MT004', 'Industrial Printer Maintenance', 'Quarterly maintenance for industrial printers', 'preventive', 150, '1. Clean print head assembly\n2. Check ribbon feed mechanism\n3. Calibrate label positioning\n4. Test barcode quality\n5. Update printer firmware\n6. Check environmental sensors', 'For Zebra industrial printers', '2025-01-01 00:00:00.000', '2025-01-01 00:00:00.000'),
('MT005', 'Emergency Repair Protocol', 'Standard protocol for emergency repairs', 'emergency', 240, '1. Assess equipment condition\n2. Identify root cause of failure\n3. Check warranty status\n4. Order required parts\n5. Perform repair\n6. Test all functions\n7. Document repair details', 'Use for critical equipment failures', '2025-01-01 00:00:00.000', '2025-01-01 00:00:00.000');

-- Reports data for January 2025
INSERT INTO `reports` (`id`, `name`, `type`, `generated_date`, `format`, `file_size`, `file_path`, `status`, `generated_by`, `parameters`, `created_date`) VALUES
('RPT2025001', 'Monthly Work Orders Report - January 2025', 'work_orders', '2025-01-31 23:59:00.000', 'PDF', '2.5MB', '/reports/2025/01/work_orders_jan_2025.pdf', 'completed', 'USR001', '{"month":"2025-01","status":"all"}', '2025-01-31 23:59:00.000'),
('RPT2025002', 'Customer Equipment Summary', 'assets', '2025-01-30 16:30:00.000', 'Excel', '1.8MB', '/reports/2025/01/customer_equipment_summary.xlsx', 'completed', 'USR002', '{"date_range":"2025-01-01_to_2025-01-30"}', '2025-01-30 16:30:00.000'),
('RPT2025003', 'Maintenance Schedule Report', 'maintenance', '2025-01-29 14:15:00.000', 'PDF', '1.2MB', '/reports/2025/01/maintenance_schedule_jan.pdf', 'completed', 'USR003', '{"month":"2025-01","type":"scheduled"}', '2025-01-29 14:15:00.000'),
('RPT2025004', 'Lease Payment Status Report', 'leases', '2025-01-28 10:45:00.000', 'CSV', '0.8MB', '/reports/2025/01/lease_payments_status.csv', 'completed', 'USR001', '{"status":"all","month":"2025-01"}', '2025-01-28 10:45:00.000'),
('RPT2025005', 'Technician Performance Report', 'performance', '2025-01-27 09:20:00.000', 'PDF', '3.1MB', '/reports/2025/01/technician_performance.pdf', 'completed', 'USR002', '{"period":"2025-01","include_charts":"true"}', '2025-01-27 09:20:00.000');

-- Insert sample contract templates
INSERT INTO contract_templates (id, name, description, type, size, version, author, tags, elements, folder_path, status) VALUES
('TMP001', 'Standard Equipment Lease Agreement', 'Standard lease agreement template for equipment rentals', 'PDF', '245 KB', '1.0', 'System', 'lease,equipment,standard', '[]', 'templates/TMP001', 'active'),
('TMP002', 'Short-term Lease Contract', 'Template for short-term equipment leases (less than 6 months)', 'CUSTOM', '180 KB', '1.0', 'System', 'lease,short-term', '[]', 'templates/TMP002', 'active'),
('TMP003', 'Long-term Lease Agreement', 'Comprehensive template for long-term equipment leases', 'PDF', '320 KB', '1.0', 'System', 'lease,long-term', '[]', 'templates/TMP003', 'active'),
('TMP004', 'Maintenance Service Agreement', 'Service level agreement template for equipment maintenance', 'CUSTOM', '195 KB', '1.0', 'System', 'maintenance,service', '[]', 'templates/TMP004', 'active');

-- Insert sample SLA templates
INSERT INTO sla_templates (id, name, description, service_level, response_time, resolution_time, availability, penalties, status, terms, folder_path) VALUES
('SLA001', 'Bronze Support Package', 'Basic support for standard equipment with business hours coverage', 'basic', '72 hours', '168 hours', '99.0%', 'Service credits for downtime exceeding SLA', 'active', '[]', 'sla-agreements/SLA001'),
('SLA002', 'Silver Support Package', 'Enhanced support with faster response times and extended hours', 'standard', '24 hours', '72 hours', '99.5%', 'Service credits and priority escalation', 'active', '[]', 'sla-agreements/SLA002'),
('SLA003', 'Gold Support Package', 'Premium support for critical equipment with 24/7 coverage', 'premium', '4 hours', '24 hours', '99.9%', 'Service credits and guaranteed response', 'active', '[]', 'sla-agreements/SLA003'),
('SLA004', 'Platinum Support Package', 'Enterprise-grade support with immediate response and dedicated resources', 'enterprise', '1 hour', '8 hours', '99.95%', 'Service credits, escalation, and compensation', 'active', '[]', 'sla-agreements/SLA004');